train_loss,test_loss,train_accuracy,test_accuracy
1.7177027946786037,1.698019376397133,0.44032106228013673,0.43004359889021004
