train_loss,test_loss,train_accuracy,test_accuracy
1.5238151733080547,1.5841161489486695,0.5025367435535332,0.47564128057267846
