epoch,training_time
1,172.46178245544434
2,165.597891330719
3,166.06477570533752
4,165.3531620502472
