train_loss,test_loss,train_accuracy,test_accuracy
1.8986415023421939,1.9084973722554612,0.3666947431006292,0.3743559254855331
