train_loss,test_loss,train_accuracy,test_accuracy
1.7891352569000631,1.7804287883299816,0.3988009711143041,0.4054696789536266
