train_loss,test_loss,train_accuracy,test_accuracy
1.7178850738207498,1.725283643603325,0.4181704064020085,0.4062437860409624
