epoch,training_time
1,165.63124632835388
2,139.38613295555115
3,143.1684398651123
4,128.63297200202942
