epoch,training_time
1,260.6609115600586
2,247.70339274406433
