epoch,train_loss,train_accuracy,test_loss,test_accuracy
0.0,2.2271385743648193,0.2559084377941832,2.119332453872584,0.29865239793896153
1.0,2.075533586212351,0.3062478323341426,2.07097409043131,0.3176773682124455
