epoch,train_loss,train_accuracy,test_loss,test_accuracy
0.0,2.0756538808345795,0.25,0.8428738117218018,1.0
1.0,1.6564389169216156,0.375,0.7842504978179932,1.0
