train_loss,test_loss,train_accuracy,test_accuracy
1.3002724848597882,1.5851700484752655,0.5787946007173872,0.4625173990853052
