epoch,training_time
1,484.74120903015137
2,427.97176003456116
3,444.43082761764526
4,444.2640006542206
