train_loss,test_loss,train_accuracy,test_accuracy
1.7191737445094917,1.7117608457803726,0.4375464499826587,0.4284581847007531
