epoch,training_time
1,3165.501930952072
2,3414.8555901050568
