train_loss,test_loss,train_accuracy,test_accuracy
1.8181295976581344,1.7237913221120835,0.4033651123277327,0.4213561344203619
