train_loss,test_loss,train_accuracy,test_accuracy
1.8193231910826213,1.780130311846733,0.3951293184821597,0.40167031218930205
