train_loss,test_loss,train_accuracy,test_accuracy
2.145230293273926,2.153456687927246,0.175,0.2
