train_loss,test_loss,train_accuracy,test_accuracy
1.8189690019710953,1.7997590899467468,0.39423258448178217,0.38655796380990254
