train_loss,test_loss,train_accuracy,test_accuracy
1.5423698608080547,1.6457736551761628,0.49401119305403,0.45158083117916087
