epoch,training_time
1,2339.7161123752594
2,2396.6727900505066
3,3474.604504585266
4,2791.206237077713
