train_loss,test_loss,train_accuracy,test_accuracy
1.7953515667704087,1.8071342525602896,0.3959272655204875,0.3806975822433611
