train_loss,test_loss,train_accuracy,test_accuracy
1.614663635391787,1.8584096342325211,0.4559420426656598,0.3714456154305031
