epoch,training_time
1,427.61736702919006
2,395.2179923057556
3,397.8490400314331
4,394.5080132484436
