train_loss,test_loss,train_accuracy,test_accuracy
1.6139951549380658,1.8366724282503128,0.4553756843496319,0.38397295685026844
