epoch,training_time
1,419.6642689704895
2,421.98351883888245
3,432.97162985801697
4,420.9994764328003
