train_loss,test_loss,train_accuracy,test_accuracy,model
1.5238151733080547,1.5841161489486697,0.5025367435535332,0.4756412805726784,ResNet50
1.6139951549380658,1.8366724282503128,0.4553756843496319,0.3839729568502684,ResNet18_Augmented_Unfrozen
1.3002724848597882,1.5851700484752655,0.5787946007173872,0.4625173990853052,ResNet50_Augmented
1.8193231910826213,1.780130311846733,0.3951293184821597,0.401670312189302,ResNet101_Augmented
1.614663635391787,1.8584096342325207,0.4559420426656598,0.3714456154305031,ResNet18_Augmented
1.8181295976581344,1.7237913221120835,0.4033651123277327,0.4213561344203619,ResNet50_Augmented_Unfrozen
1.5423698608080547,1.6457736551761628,0.49401119305403,0.4515808311791608,ResNet101
1.7178850738207498,1.725283643603325,0.4181704064020085,0.4062437860409624,ResNet18
